code,name
300568,N星源
603660,N科达
600050,中国联通
603319,湘油泵
601500,通用股份
2564,天沃科技
2819,东方中科
2823,凯中精密
601116,三江购物
603987,康德莱
2389,南洋科技
2408,齐翔腾达
600712,南宁百货
300566,激智科技
603977,国泰集团
2485,希努尔
2821,凯莱英
300565,科信技术
300569,天能重工
300561,汇金科技
600477,杭萧钢构
300411,金盾股份
2825,纳尔股份
2822,中装建设
300562,乐心医疗
603727,博迈科
300567,精测电子
603633,徕木股份
300556,丝路视觉
603777,来伊份
600992,贵绳股份
603819,神力股份
2820,桂发祥
300376,易事特
300563,神宇股份
603060,国检集团
600599,熊猫金控
603900,通灵珠宝
672,上峰水泥
603323,吴江银行
603336,宏辉果蔬
2059,云南旅游
300242,明家联合
980,金马股份
601882,海天精工
2419,天虹商场
518,四环生物
2583,海能达
951,中国重汽
603067,振华股份
603843,正平股份
338,潍柴动力
416,民生控股
2691,冀凯股份
600158,中体产业
600048,保利地产
600985,雷鸣科化
2383,合众思壮
651,格力电器
898,鞍钢股份
2159,三特索道
603519,立霸股份
601099,太平洋
600376,首开股份
300164,通源石油
2648,卫星石化
600856,中天能源
600803,新奥股份
600785,新华百货
603313,恒康家居
2713,东易日盛
300359,全通教育
600167,联美控股
603322,超讯通信
514,渝 开 发
2132,恒星科技
880,潍柴重机
2558,世纪游轮
600421,仰帆控股
2738,中矿资源
2599,盛通股份
600759,洲际油气
656,金科股份
601989,中国重工
300082,奥克股份
69,华侨城Ａ
2795,永和智控
603203,快克股份
600241,时代万恒
601808,中海油服
2793,东音股份
601968,宝钢包装
600166,福田汽车
603667,五洲新春
37,*ST南电A
637,茂化实华
600606,绿地控股
2146,荣盛发展
779,三毛派神
2353,杰瑞股份
300159,新研股份
601600,中国铝业
2464,金利科技
600694,大商股份
546,金圆股份
600831,广电网络
600787,中储股份
600608,上海科技
600381,青海春天
2130,沃尔核材
2163,中航三鑫
2758,华通医药
703,恒逸石化
2559,亚威股份
708,大冶特钢
402,金 融 街
601919,中国远洋
600438,通威股份
600266,北京城建
2213,特 尔 佳
2818,富森美
600967,北方创业
300340,科恒股份
2660,茂硕电源
63,中兴通讯
300534,陇神戎发
417,合肥百货
600178,东安动力
600503,华丽家族
2811,亚泰国际
300121,阳谷华泰
2716,金贵银业
2127,南极电商
601801,皖新传媒
300344,太空板业
1979,招商蛇口
581,威孚高科
573,粤宏远Ａ
2027,分众传媒
600546,*ST山煤
600325,华发股份
300491,通合科技
778,新兴铸管
927,一汽夏利
601678,滨化股份
2264,新 华 都
300304,云意电气
600817,*ST宏盛
601718,际华集团
600378,天科股份
300417,南华仪器
603988,中电电机
600697,欧亚集团
601333,广深铁路
603887,城地股份
630,铜陵有色
603816,顾家家居
603861,白云电器
600658,电子城
2347,泰尔股份
300382,斯莱克
600585,海螺水泥
975,银泰资源
603859,能科股份
31,中粮地产
600466,蓝光发展
153,丰原药业
600647,同达创业
603421,鼎信通讯
600322,天房发展
300312,邦讯技术
600660,福耀玻璃
300266,兴源环境
2554,惠博普
833,贵糖股份
2447,壹桥股份
2656,摩登大道
300448,浩云科技
600352,浙江龙盛
601588,北辰实业
2619,巨龙管业
600592,龙溪股份
2028,思源电气
601611,中国核建
2669,康达新材
2503,搜于特
300423,鲁亿通
2614,蒙发利
159,国际实业
603007,花王股份
601117,中国化学
603888,新华网
600150,中国船舶
600742,一汽富维
2342,巨力索具
731,四川美丰
2591,恒大高新
2537,海立美达
709,河钢股份
600661,新南洋
757,浩物股份
2053,云南能投
600329,中新药业
150,宜华健康
600497,驰宏锌锗
300142,沃森生物
65,北方国际
2026,山东威达
600064,南京高科
603338,浙江鼎力
2062,宏润建设
600010,包钢股份
603016,新宏泰
600782,新钢股份
600072,钢构工程
600173,卧龙地产
673,当代东方
603556,海兴电力
2481,双塔食品
600717,天津港
600365,通葡股份
600028,中国石化
2251,步 步 高
300030,阳普医疗
600743,华远地产
300319,麦捷科技
300541,先进数通
600496,精工钢构
600778,友好集团
2300,太阳电缆
2670,国盛金控
39,中集集团
300084,海默科技
2589,瑞康医药
404,华意压缩
600936,广西广电
600751,天海投资
2519,银河电子
601566,九牧王
603315,福鞍股份
2092,中泰化学
702,正虹科技
600095,哈高科
667,美好置业
2524,光正集团
300197,铁汉生态
539,粤电力Ａ
2033,丽江旅游
2133,广宇集团
2187,广百股份
603822,嘉澳环保
601788,光大证券
603189,网达软件
600469,风神股份
300441,鲍斯股份
2263,大 东 南
600808,马钢股份
2796,世嘉科技
791,甘肃电投
2336,*ST人乐
600062,华润双鹤
2450,康得新
300216,千山药机
2809,红墙股份
300308,中际装备
999,华润三九
2335,科华恒盛
2216,三全食品
401,冀东水泥
600594,益佰制药
2166,莱茵生物
687,华讯方舟
2631,德尔未来
603918,金桥信息
600794,保税科技
601100,恒立液压
600399,抚顺特钢
2668,奥马电器
935,四川双马
601163,三角轮胎
600583,海油工程
603025,大豪科技
821,京山轻机
600777,新潮能源
839,中信国安
600823,世茂股份
930,中粮生化
600506,香梨股份
2602,世纪华通
601899,紫金矿业
2617,露笑科技
2663,普邦股份
601009,南京银行
488,晨鸣纸业
300506,名家汇
600685,中船防务
627,天茂集团
300285,国瓷材料
2502,骅威文化
565,渝三峡Ａ
600268,国电南自
967,盈峰环境
300204,舒泰神
300438,鹏辉能源
691,ST亚太
603729,龙韵股份
2438,江苏神通
2534,杭锅股份
2150,通润装备
601155,新城控股
600791,京能置业
875,吉电股份
761,本钢板材
2160,常铝股份
601388,怡球资源
822,山东海化
407,胜利股份
976,春晖股份
600099,林海股份
409,山东地矿
600686,金龙汽车
600593,大连圣亚
671,阳 光 城
2815,崇达技术
718,苏宁环球
601186,中国铁建
600738,兰州民百
600984,建设机械
600493,凤竹纺织
897,津滨发展
300401,花园生物
2455,百川股份
789,万年青
600875,东方电气
600208,新湖中宝
603515,欧普照明
2696,百洋股份
600452,涪陵电力
2106,莱宝高科
600769,祥龙电业
600114,东睦股份
2459,天业通联
600678,四川金顶
600741,华域汽车
2446,盛路通信
717,*ST韶钢
46,泛海控股
600897,厦门空港
600821,津劝业
300560,中富通
2676,顺威股份
2581,未名医药
2762,金发拉比
300461,田中精机
600115,东方航空
300035,中科电气
603766,隆鑫通用
601996,丰林集团
2345,潮宏基
572,海马汽车
603028,赛福天
27,深圳能源
2111,威海广泰
881,大连国际
601579,会稽山
603101,汇嘉时代
2488,金固股份
300527,华舟应急
989,九 芝 堂
601811,新华文轩
922,佳电股份
2217,合力泰
300267,尔康制药
603858,步长制药
300041,回天新材
600816,安信信托
300157,恒泰艾普
2176,江特电机
739,普洛药业
852,石化机械
2206,海 利 得
601106,中国一重
300393,中来股份
2805,丰元股份
300067,安诺其
2538,司尔特
600609,金杯汽车
600475,华光股份
300498,温氏股份
2120,新海股份
300225,金力泰
600307,酒钢宏兴
600179,安通控股
767,漳泽电力
603393,新天然气
2472,双环传动
585,东北电气
603123,翠微股份
601890,亚星锚链
600507,方大特钢
600385,山东金泰
16,深康佳Ａ
600143,金发科技
603090,宏盛股份
600054,黄山旅游
300436,广生堂
625,长安汽车
300420,五洋科技
603069,海汽集团
2773,康弘药业
695,滨海能源
300239,东宝生物
601233,桐昆股份
600012,皖通高速
2065,东华软件
2397,梦洁股份
600240,华业资本
2457,青龙管业
600959,江苏有线
600529,山东药玻
300337,银邦股份
600306,*ST商城
2810,山东赫达
600737,中粮屯河
902,新洋丰
600277,亿利洁能
2022,科华生物
600790,轻纺城
2411,必康股份
300250,初灵信息
2724,海洋王
600022,山东钢铁
600320,振华重工
600499,科达洁能
30,富奥股份
600104,上汽集团
2066,瑞泰科技
600126,杭钢股份
333,美的集团
2109,*ST兴化
300258,精锻科技
600089,特变电工
819,岳阳兴长
600489,中金黄金
2699,美盛文化
530,大冷股份
2052,同洲电子
600252,中恒集团
430,张家界
600748,上实发展
601857,中国石油
818,方大化工
2806,华锋股份
595,宝塔实业
601179,中国西电
2330,得利斯
300283,温州宏丰
716,黑芝麻
603718,海利生物
600688,上海石化
600387,海越股份
600340,华夏幸福
601107,四川成渝
600098,广州发展
2652,扬子新材
2541,鸿路钢构
619,海螺型材
2498,汉缆股份
600690,青岛海尔
2702,海欣食品
300280,南通锻压
600370,三房巷
2272,川润股份
600801,华新水泥
2326,永太科技
600468,百利电气
600567,山鹰纸业
600629,华建集团
2755,东方新星
600282,南钢股份
600231,凌钢股份
2287,奇正藏药
300110,华仁药业
2321,华英农业
600871,石化油服
300103,达刚路机
962,*ST东钽
300464,星徽精密
2593,日上集团
600085,同仁堂
2420,毅昌股份
300180,华峰超纤
601997,贵阳银行
2569,步森股份
601128,常熟银行
26,飞亚达Ａ
603566,普莱柯
300163,先锋新材
600961,株冶集团
825,太钢不锈
300070,碧水源
2152,广电运通
913,*ST钱江
2785,万里石
736,中房地产
2792,通宇通讯
600222,太龙药业
532,力合股份
603318,派思股份
2736,国信证券
601003,柳钢股份
732,泰禾集团
2675,东诚药业
600159,大龙地产
601969,海南矿业
600809,山西汾酒
2060,粤 水 电
2476,宝莫股份
600520,*ST中发
2415,海康威视
600547,山东黄金
600806,*ST昆机
2081,金 螳 螂
2743,富煌钢构
2250,联化科技
601886,江河集团
300303,聚飞光电
600353,旭光股份
600886,国投电力
2234,民和股份
20,深华发Ａ
300001,特锐德
300296,利亚德
600720,祁连山
601633,长城汽车
2054,德美化工
603339,四方冷链
600217,中再资环
2799,环球印务
2422,科伦药业
300274,阳光电源
533,万 家 乐
635,英 力 特
600600,青岛啤酒
2683,宏大爆破
600749,西藏旅游
300194,福安药业
2664,信质电机
2142,宁波银行
2817,黄山胶囊
2004,华邦健康
600657,信达地产
2535,林州重机
300320,海达股份
603012,创力集团
2493,荣盛石化
600318,新力金融
2624,完美世界
690,宝新能源
600018,上港集团
600561,江西长运
603999,读者传媒
300222,科大智能
603569,长久物流
2401,中海科技
629,*ST钒钛
603555,贵人鸟
888,峨眉山Ａ
2128,露天煤业
413,东旭光电
885,同力水泥
600185,格力地产
300175,朗源股份
601965,中国汽研
2350,北京科锐
600393,粤泰股份
300326,凯利泰
601113,华鼎股份
780,平庄能源
600971,恒源煤电
300105,龙源技术
2057,中钢天源
421,南京公用
2299,圣农发展
2685,华东重机
692,惠天热电
985,大庆华科
2076,雪 莱 特
529,广弘控股
2331,皖通科技
601872,招商轮船
600270,外运发展
2327,富安娜
600297,广汇汽车
600311,荣华实业
2244,滨江集团
2021,中捷资源
2666,德联集团
2741,光华科技
600198,大唐电信
603800,道森股份
600596,新安股份
600190,锦州港
603778,乾景园林
601880,大连港
600997,开滦股份
2780,三夫户外
600279,重庆港九
600581,*ST八钢
501,鄂武商Ａ
18,神州长城
600792,云煤能源
2317,众生药业
300235,方直科技
591,太阳能
955,欣龙控股
600652,游久游戏
600248,延长化建
603779,威龙股份
601866,中海集运
863,三湘印象
601717,郑煤机
600587,新华医疗
785,武汉中商
869,张 裕Ａ
600482,中国动力
2406,远东传动
600313,农发种业
78,海王生物
2283,天润曲轴
2295,精艺股份
2014,永新股份
900,现代投资
600595,中孚实业
2185,华天科技
600829,人民同泰
600858,银座股份
300191,潜能恒信
600246,万通地产
2162,悦心健康
600857,宁波中百
856,*ST冀装
2278,神开股份
600015,华夏银行
300065,海兰信
300392,腾信股份
911,南宁糖业
300370,安控科技
720,新能泰山
600305,恒顺醋业
300292,吴通控股
2246,北化股份
600345,长江通信
2808,苏州恒久
603608,天创时尚
600476,湘邮科技
2364,中恒电气
428,华天酒店
600569,安阳钢铁
601225,陕西煤业
600540,新赛股份
601918,*ST新集
300329,海伦钢琴
300358,楚天科技
600338,西藏珠峰
600980,北矿科技
300260,新莱应材
603658,安图生物
2813,路畅科技
151,中成股份
600290,华仪电气
600965,福成股份
59,华锦股份
605,渤海股份
603099,长白山
2135,东南网架
600986,科达股份
300380,安硕信息
2301,齐心集团
2233,塔牌集团
600348,阳泉煤业
2305,南国置业
600409,三友化工
655,金岭矿业
848,承德露露
2812,创新股份
796,凯撒旅游
603969,银龙股份
960,锡业股份
600229,城市传媒
600590,泰豪科技
300536,农尚环境
603869,北部湾旅
600183,生益科技
2625,龙生股份
933,*ST神火
300160,秀强股份
2359,齐星铁塔
600780,通宝能源
600356,恒丰纸业
665,湖北广电
2442,龙星化工
411,英特集团
2520,日发精机
970,中科三环
300429,强力新材
603306,华懋科技
567,海德股份
603808,歌力思
60,中金岭南
2277,友阿股份
601169,北京银行
2566,益盛药业
636,风华高科
2423,*ST中特
600691,阳煤化工
600783,鲁信创投
601699,潞安环能
600219,南山铝业
537,广宇发展
9,中国宝安
600361,华联综超
600513,联环药业
600101,明星电力
2267,陕天然气
601000,唐山港
300528,幸福蓝海
601211,国泰君安
2058,威 尔 泰
600527,江南高纤
2116,中国海诚
300516,久之洋
300437,清水源
2479,富春环保
2518,科士达
600359,新农开发
600523,贵航股份
969,安泰科技
600256,广汇能源
877,天山股份
600372,中航电子
300049,福瑞股份
606,*ST易桥
300316,晶盛机电
603258,电魂网络
601666,平煤股份
300205,天喻信息
2497,雅化集团
601088,中国神华
300083,劲胜精密
2352,鼎泰新材
600917,重庆燃气
600814,杭州解百
600888,新疆众和
2715,登云股份
600052,浙江广厦
2018,华信国际
600195,中牧股份
600106,重庆路桥
601992,金隅股份
603188,亚邦股份
603029,天鹅股份
601118,海南橡胶
600665,天地源
600317,营口港
300231,银信科技
600094,大名城
600818,中路股份
600444,国机通用
795,英洛华
600408,安泰集团
600676,交运股份
564,西安民生
600850,华东电脑
300293,蓝英装备
601558,华锐风电
601339,百隆东方
600337,美克家居
300434,金石东方
777,中核科技
776,广发证券
600141,兴发集团
600767,运盛医疗
2269,美邦服饰
600061,国投安信
2797,第一创业
2209,达 意 隆
600063,皖维高新
600729,重庆百货
300132,青松股份
300053,欧比特
600812,华北制药
979,中弘股份
600891,秋林集团
600291,西水股份
603268,松发股份
603000,人民网
600333,长春燃气
422,湖北宜化
2494,华斯股份
816,智慧农业
418,小天鹅Ａ
603939,益丰药房
300010,立思辰
600362,江西铜业
2225,濮耐股份
2426,胜利精密
616,海航投资
600705,中航资本
959,首钢股份
2231,奥维通信
600860,京城股份
600866,*ST星湖
2189,利达光电
300214,日科化学
600703,三安光电
600433,冠豪高新
600560,金自天正
11,深物业A
603688,石英股份
600750,江中药业
600618,氯碱化工
2452,长高集团
932,华菱钢铁
300487,蓝晓科技
600580,卧龙电气
2398,建研集团
600873,梅花生物
600170,上海建工
800,一汽轿车
2339,积成电子
600350,山东高速
601111,中国国航
2285,世联行
2298,中电鑫龙
600805,悦达投资
156,华数传媒
2090,金智科技
603588,高能环境
600655,豫园商城
2313,日海通讯
2365,永安药业
603300,华铁科技
753,漳州发展
2207,准油股份
2284,亚太股份
600674,川投能源
300446,乐凯新材
300272,开能环保
603663,三祥新材
600312,平高电气
601168,西部矿业
603599,广信股份
600582,天地科技
300284,苏交科
2019,亿帆医药
601369,陕鼓动力
603108,润达医疗
603868,飞科电器
2458,益生股份
600668,尖峰集团
600397,安源煤业
600887,伊利股份
300063,天龙集团
600238,海南椰岛
601555,东吴证券
788,北大医药
300075,数字政通
300540,深冷股份
600908,无锡银行
300492,山鼎设计
2291,星期六
2726,龙大肉食
300234,开尔新材
631,顺发恒业
600811,东方集团
677,恒天海龙
600026,中远海能
600058,五矿发展
600006,东风汽车
600177,雅戈尔
2585,双星新材
2104,恒宝股份
300373,扬杰科技
2747,埃斯顿
729,燕京啤酒
2235,安妮股份
300169,天晟新材
2644,佛慈制药
2069,*ST獐岛
300313,天山生物
2011,盾安环境
600485,信威集团
300552,万集科技
600795,国电电力
2428,云南锗业
2489,浙江永强
601020,华钰矿业
600863,内蒙华电
728,国元证券
2803,吉宏股份
2343,慈文传媒
600448,华纺股份
2038,双鹭药业
507,珠海港
300521,爱司凯
300046,台基股份
601518,吉林高速
600162,香江控股
600375,*ST星马
600369,西南证券
600125,铁龙物流
536,华映科技
601137,博威合金
600121,郑州煤电
300182,捷成股份
2281,光迅科技
2155,湖南黄金
2760,凤形股份
2370,亚太药业
929,兰州黄河
601929,吉视传媒
300111,向日葵
600117,西宁特钢
2651,利君股份
2579,中京电子
300444,双杰电气
410,沈阳机床
600654,中安消
600510,黑牡丹
300140,启源装备
603567,珍宝岛
566,海南海药
600180,瑞茂通
600615,丰华股份
600275,武昌鱼
2701,奥瑞金
2078,太阳纸业
2205,国统股份
600644,乐山电力
600302,标准股份
601007,金陵饭店
300054,鼎龙股份
300247,乐金健康
600664,哈药股份
2337,赛象科技
34,神州数码
62,深圳华强
2604,龙力生物
600573,惠泉啤酒
2500,山西证券
2690,美亚光电
2695,煌上煌
561,烽火电子
600827,百联股份
603131,上海沪工
600078,澄星股份
601127,小康股份
600192,长城电工
2310,东方园林
600230,*ST沧大
519,江南红箭
600401,海润光伏
2169,智光电气
600562,国睿科技
2119,康强电子
600237,铜峰电子
600572,康恩贝
601901,方正证券
2361,神剑股份
698,沈阳化工
2674,兴业科技
601069,西部黄金
2568,百润股份
957,中通客车
600007,中国国贸
96,广聚能源
600683,京投发展
603959,百利科技
300126,锐奇股份
2134,天津普林
2536,西泵股份
300529,健帆生物
300553,集智股份
601908,京运通
300238,冠昊生物
600056,中国医药
2232,启明信息
300145,中金环境
600835,上海机电
600133,东湖高新
600987,航民股份
2590,万安科技
600118,中国卫星
2303,美盈森
600110,诺德股份
603005,晶方科技
300144,宋城演艺
300257,开山股份
600389,江山股份
2461,珠江啤酒
32,深桑达Ａ
300069,金利华电
600988,赤峰黄金
2731,萃华珠宝
600060,海信电器
600550,保变电气
600392,盛和资源
300483,沃施股份
601567,三星医疗
2253,川大智胜
600395,盘江股份
926,福星股份
600511,国药股份
600825,新华传媒
2521,齐峰新材
601888,中国国旅
600865,百大集团
600617,国新能源
2344,海宁皮城
2302,西部建设
2140,东华科技
570,苏常柴Ａ
2742,三圣股份
300199,翰宇药业
300551,古鳌科技
2184,海得控制
70,特发信息
600894,广日股份
300415,伊之密
552,靖远煤电
830,鲁西化工
953,河池化工
600706,曲江文旅
971,高升控股
600555,海航创新
300395,菲利华
2737,葵花药业
601618,中国中冶
2454,松芝股份
601991,大唐发电
2501,利源精制
603993,洛阳钼业
300324,旋极信息
603377,东方时尚
2542,中化岩土
2371,七星电子
2237,恒邦股份
2047,宝鹰股份
600926,杭州银行
600508,上海能源
6,深振业Ａ
603030,全筑股份
601008,连云港
600105,永鼎股份
893,东凌国际
300314,戴维医疗
600130,波导股份
601958,金钼股份
2154,报 喜 鸟
2507,涪陵榨菜
300201,海伦哲
2238,天威视讯
603355,莱克电气
2262,恩华药业
2513,*ST蓝丰
603100,川仪股份
600280,中央商场
882,华联股份
2274,华昌化工
996,中国中期
600744,华银电力
600163,中闽能源
600017,日照港
300029,天龙光电
300135,宝利国际
429,粤高速Ａ
868,安凯客车
603611,诺力股份
603968,醋化股份
726,鲁 泰Ａ
1696,宗申动力
790,泰合健康
600870,厦华电子
600008,首创股份
600516,方大炭素
859,国风塑业
600830,香溢融通
2603,以岭药业
600556,ST慧球
2320,海峡股份
948,南天信息
713,丰乐种业
600467,好当家
600999,招商证券
2072,凯瑞德
2208,合肥城建
2030,达安基因
2009,天奇股份
2123,梦网荣信
600459,贵研铂业
300096,易联众
2391,长青股份
2247,帝龙文化
601011,宝泰隆
600358,国旅联合
2392,北京利尔
2531,天顺风能
603003,龙宇燃油
600449,宁夏建材
2627,宜昌交运
2527,新时达
600789,鲁抗医药
858,五 粮 液
2275,桂林三金
683,远兴能源
600757,长江传媒
783,长江证券
600761,安徽合力
601966,玲珑轮胎
600679,上海凤凰
993,闽东电力
545,金浦钛业
612,焦作万方
601595,上海电影
300193,佳士科技
600642,申能股份
2015,霞客环保
601015,陕西黑猫
2005,德豪润达
601198,东兴证券
600919,江苏银行
300512,中亚股份
300390,天华超净
958,东方能源
600213,亚星客车
750,国海证券
300402,宝色股份
603726,朗迪集团
300050,世纪鼎利
600020,中原高速
600854,春兰股份
2483,润邦股份
601238,广汽集团
600549,厦门钨业
850,华茂股份
600123,兰花科创
2161,远 望 谷
600960,渤海活塞
600068,葛洲坝
300555,路通视信
600,建投能源
600327,大东方
688,建新矿业
2633,申科股份
600531,豫光金铅
600716,凤凰股份
600111,北方稀土
599,青岛双星
601368,绿城水务
737,南风化工
601599,鹿港文化
600519,贵州茅台
300281,金明精机
600486,扬农化工
600138,中青旅
600838,上海九百
600083,博信股份
300133,华策影视
2404,嘉欣丝绸
90,天健集团
2586,围海股份
601001,大同煤业
603636,南威软件
600153,建发股份
300013,新宁物流
2430,杭氧股份
600530,交大昂立
603828,柯利达
600269,赣粤高速
600074,保千里
600648,外高桥
600267,海正药业
600719,大连热电
600545,新疆城建
876,新 希 望
300460,惠伦晶体
995,*ST皇台
600371,万向德农
600127,金健米业
596,古井贡酒
600726,华电能源
166,申万宏源
300289,利德曼
2700,新疆浩源
923,河北宣工
600796,钱江生化
521,美菱电器
600696,匹凸匹
600622,嘉宝集团
601018,宁波港
600481,双良节能
300077,国民技术
600090,同济堂
601336,新华保险
2378,章源钨业
600624,复旦复华
600206,有研新材
2636,金安国纪
600643,爱建集团
906,物产中拓
2807,江阴银行
2242,九阳股份
300147,香雪制药
2413,雷科防务
603699,纽威股份
723,美锦能源
300177,中海达
600323,瀚蓝环境
2088,鲁阳节能
2031,巨轮智能
66,长城电脑
600819,耀皮玻璃
600135,乐凯胶片
2221,东华能源
300348,长亮科技
300330,华虹计通
300192,科斯伍德
597,东北制药
600456,宝钛股份
600765,中航重机
878,云南铜业
2158,汉钟精机
601218,吉鑫科技
600800,天津磁卡
600621,华鑫股份
1,平安银行
2222,福晶科技
603116,红蜻蜓
601777,力帆股份
2375,亚厦股份
2181,粤 传 媒
2249,大洋电机
600509,天富能源
300347,泰格医药
2103,广博股份
600128,弘业股份
633,*ST合金
600833,第一医药
600223,鲁商置业
600368,五洲交通
600360,华微电子
603698,航天工程
2097,山河智能
1896,豫能控股
603798,康普顿
666,经纬纺机
600620,天宸股份
300236,上海新阳
601016,节能风电
300240,飞力达
937,冀中能源
603006,联明股份
600109,国金证券
589,黔轮胎Ａ
300307,慈星股份
300264,佳创视讯
600289,亿阳信通
601818,光大银行
300026,红日药业
920,南方汇通
610,西安旅游
600774,汉商集团
2266,浙富控股
600410,华胜天成
601799,星宇股份
2381,双箭股份
766,通化金马
300485,赛升药业
2540,亚太科技
548,湖南投资
600650,锦江投资
680,山推股份
2016,世荣兆业
300439,美康生物
2694,顾地科技
2437,誉衡药业
600478,科力远
600635,大众公用
2351,漫步者
2800,天顺股份
600488,天药股份
300171,东富龙
2196,方正电机
2137,麦达数字
2194,武汉凡谷
837,秦川机床
600169,太原重工
601177,杭齿前进
21,深科技
600874,创业环保
603738,泰晶科技
601028,玉龙股份
600259,广晟有色
600653,申华控股
600755,厦门国贸
965,天保基建
600030,中信证券
905,厦门港务
600227,赤天化
601038,一拖股份
600081,东风科技
600377,宁沪高速
600428,中远航运
799,酒鬼酒
300515,三德科技
2777,久远银海
600641,万业企业
300055,万邦达
600563,法拉电子
2790,瑞尔特
2388,新亚制程
600288,大恒科技
600722,金牛化工
2013,中航机电
639,西王食品
601226,华电重工
2073,软控股份
600220,江苏阳光
2516,旷达科技
601933,永辉超市
603227,雪峰科技
2204,大连重工
300097,智云股份
603023,威帝股份
600815,厦工股份
686,东北证券
2008,大族激光
2126,银轮股份
300228,富瑞特装
2740,爱迪尔
600611,大众交通
2093,国脉科技
603508,思维列控
600586,金晶科技
2091,江苏国泰
600232,金鹰股份
603883,老百姓
603609,禾丰牧业
2114,罗平锌电
2340,格林美
600701,*ST工新
831,*ST五稀
520,长航凤凰
2708,光洋股份
593,大通燃气
2193,山东如意
2680,长生生物
600382,广东明珠
2448,中原内配
2729,好利来
2658,雪迪龙
300408,三环集团
600281,太化股份
592,平潭发展
300558,贝达药业
603368,柳州医药
603223,恒通股份
2182,云海金属
2157,正邦科技
600846,同济科技
600723,首商股份
300066,三川智慧
2552,宝鼎科技
300520,科大国创
300148,天舟文化
600273,嘉化能源
600518,康美药业
603011,合锻智能
601999,出版传媒
883,湖北能源
5,世纪星源
600802,福建水泥
2673,西部证券
2356,赫美集团
807,云铝股份
600265,*ST景谷
600067,冠城大通
300181,佐力药业
603126,中材节能
2551,尚荣医疗
600711,盛屯矿业
426,兴业矿业
895,双汇发展
650,仁和药业
2063,远光软件
2539,云图控股
861,海印股份
603601,再升科技
300455,康拓红外
2574,明牌珠宝
601313,江南嘉捷
300172,中电环保
600557,康缘药业
2079,苏州固锝
2463,沪电股份
517,荣安地产
10,美丽生态
836,鑫茂科技
301,东方市场
300137,先河环保
2473,圣莱达
2045,国光电器
2112,三变科技
2543,万和电气
601229,上海银行
601158,重庆水务
2110,三钢闽光
600066,宇通客车
600027,华电国际
2597,金禾实业
2399,海普瑞
997,新 大 陆
600250,南纺股份
2647,宏磊股份
2191,劲嘉股份
603898,好莱客
601188,龙江交通
600861,北京城乡
600470,六国化工
300364,中文在线
300189,神农基因
2308,威创股份
2148,北纬通信
600517,置信电气
2373,千方科技
300059,东方财富
524,岭南控股
300549,优德精密
2786,银宝山新
2672,东江环保
2186,全 聚 德
600186,莲花健康
300158,振东制药
600429,三元股份
600251,冠农股份
600216,浙江医药
2228,合兴包装
903,云内动力
600168,武汉控股
603020,爱普股份
2433,太安堂
603919,金徽酒
886,海南高速
601939,建设银行
601010,文峰股份
600091,ST明科
2563,森马服饰
600332,白云山
600828,茂业商业
300452,山河药辅
601166,兴业银行
2334,英威腾
557,西部创业
601688,华泰证券
300306,远方光电
2698,博实股份
600798,宁波海运
2105,信隆健康
2653,海思科
601607,上海医药
862,银星能源
582,北部湾港
601258,庞大集团
600299,安迪苏
2588,史丹利
603198,迎驾贡酒
600435,北方导航
889,茂业通信
600845,宝信软件
603111,康尼机电
600197,伊力特
760,斯太尔
28,国药一致
300112,万讯自控
600235,民丰特纸
2506,协鑫集成
2138,顺络电子
36,华联控股
600724,宁波富达
600864,哈投股份
2665,首航节能
300009,安科生物
600736,苏州高新
25,特 力Ａ
600203,福日电子
600836,界龙实业
2036,联创电子
2532,新界泵业
758,中色股份
600695,绿庭投资
600776,东方通信
601898,中煤能源
600172,黄河旋风
751,锌业股份
600589,广东榕泰
2145,中核钛白
40,东旭蓝天
300474,景嘉微
2100,天康生物
601139,深圳燃气
600862,中航高科
601288,农业银行
2218,拓日新能
600075,新疆天业
810,创维数字
2782,可立克
2529,海源机械
2416,爱施德
600388,龙净环保
2598,山东章鼓
2358,森源电气
2616,长青集团
587,金洲慈航
300185,通裕重工
600784,鲁银投资
2600,江粉磁材
601998,中信银行
2223,鱼跃医疗
600236,桂冠电力
603166,福达股份
2292,奥飞娱乐
600221,海南航空
600155,宝硕股份
603002,宏昌电子
300378,鼎捷软件
603015,弘讯科技
600766,园城黄金
300254,仟源医药
600355,精伦电子
300309,吉艾科技
300183,东软载波
600226,升华拜克
2776,柏堡龙
2638,勤上光电
601988,中国银行
2748,世龙实业
972,中基健康
300511,雪榕生物
600380,健康元
600033,福建高速
2688,金河生物
2714,牧原股份
554,泰山石油
300413,快乐购
300399,京天利
921,海信科龙
600367,红星发展
2505,大康农业
2596,海南瑞泽
2029,七 匹 狼
603,盛达矿业
600834,申通地铁
600966,博汇纸业
811,烟台冰轮
668,荣丰控股
600321,国栋建设
801,四川九洲
603799,华友钴业
600218,全柴动力
600113,浙江东日
603958,哈森股份
2329,皇氏集团
600193,创兴资源
300259,新天科技
762,西藏矿业
600978,宜华生活
600702,沱牌舍得
2387,黑牛食品
600029,南方航空
2024,苏宁云商
2689,远大智能
300045,华力创通
600202,哈空调
2470,金正大
300486,东杰智能
601208,东材科技
2156,通富微电
600970,中材国际
300004,南风股份
2173,*ST创疗
420,吉林化纤
601318,中国平安
600249,两面针
792,盐湖股份
300224,正海磁材
2006,精功科技
603669,灵康药业
2177,御银股份
2306,中科云网
600515,海航基础
600837,海通证券
759,中百集团
600354,敦煌种业
2041,登海种业
600418,江淮汽车
600958,东方证券
601199,江南水务
600285,羚锐制药
600735,新华锦
600532,宏达矿业
601377,兴业证券
600298,安琪酵母
300248,新开普
2687,乔治白
2609,捷顺科技
600051,宁波联合
300245,天玑科技
14,沙河股份
300305,裕兴股份
600416,湘电股份
300101,振芯科技
586,汇源通信
2553,南方轴承
2211,宏达新材
600578,京能电力
600981,汇鸿集团
2606,大连电瓷
300550,和仁科技
600708,光明地产
600841,上柴股份
2325,洪涛股份
705,浙江震元
600895,张江高科
919,金陵药业
601689,拓普集团
157,中联重科
2265,西仪股份
603456,九洲药业
600528,中铁二局
892,星美联合
600566,济川药业
2682,龙洲股份
2546,新联电子
600199,金种子酒
2311,海大集团
300318,博晖创新
300542,新晨科技
2309,中利科技
600601,方正科技
300184,力源信息
600303,曙光股份
600351,亚宝药业
300221,银禧科技
43,中航地产
802,北京文化
600602,云赛智联
300034,钢研高纳
2089,新 海 宜
936,华西股份
300463,迈克生物
2102,冠福股份
679,大连友谊
300453,三鑫医疗
300210,森远股份
2172,澳洋科技
2466,天齐锂业
2611,东方精工
603167,渤海轮渡
603168,莎普爱思
600977,中国电影
600500,中化国际
2533,金杯电工
600843,上工申贝
600037,歌华有线
909,数源科技
2115,三维通信
600023,浙能电力
990,诚志股份
17,深中华A
600867,通化东宝
600132,重庆啤酒
300261,雅本化学
2432,九安医疗
600201,生物股份
544,中原环保
600405,动力源
2214,大立科技
678,襄阳轴承
505,*ST珠江
300008,天海防务
652,泰达股份
601515,东风股份
2220,天宝股份
2382,蓝帆医疗
600278,东方创业
2580,圣阳股份
966,长源电力
2219,恒康医疗
600292,远达环保
2471,中超控股
600824,益民集团
600698,湖南天雁
300525,博思软件
600730,中国高科
600851,海欣股份
2499,科林环保
2728,特一药业
600993,马应龙
2067,景兴纸业
601985,中国核电
2040,南 京 港
600011,华能国际
600406,国电南瑞
300476,胜宏科技
2023,海特高新
917,电广传媒
2435,长江润发
528,柳 工
300167,迪威视讯
600461,洪城水业
600559,老白干酒
300369,绿盟科技
300371,汇中股份
2528,英飞拓
600879,航天电子
2118,紫鑫药业
600883,博闻科技
509,华塑控股
419,通程控股
600822,上海物贸
988,华工科技
300288,朗玛信息
600880,博瑞传播
600548,深高速
2255,海陆重工
2417,三元达
600096,云天化
600721,*ST百花
600326,西藏天路
603788,宁波高发
2121,科陆电子
600501,航天晨光
600707,彩虹股份
2390,信邦制药
600754,锦江股份
300405,科隆精化
603366,日出东方
300154,瑞凌股份
2402,和而泰
600398,海澜之家
768,中航飞机
600160,巨化股份
600770,综艺股份
815,美利云
603001,奥康国际
503,海虹控股
600522,中天科技
600521,华海药业
2084,海鸥卫浴
600610,中毅达
300174,元力股份
600483,福能股份
2465,海格通信
600330,天通股份
300394,天孚通信
2167,东方锆业
300104,乐视网
912,泸天化
2443,金洲管道
300151,昌红科技
756,新华制药
2630,华西能源
300385,雪浪环境
603309,维力医疗
2561,徐家汇
2781,奇信股份
2293,罗莱生活
300092,科新机电
300557,理工光科
300397,天和防务
603789,星光农机
663,永安林业
600645,中源协和
2003,伟星股份
504,*ST生物
600420,现代制药
2548,金新农
657,中钨高新
600962,国投中鲁
600479,千金药业
2750,龙津药业
928,中钢国际
600771,广誉远
300208,恒顺众昇
300020,银江股份
601311,骆驼股份
603160,汇顶科技
600055,万东医疗
2751,易尚展示
600309,万华化学
2001,新 和 成
2424,贵州百灵
600119,长江投资
2439,启明星辰
2409,雅克科技
300471,厚普股份
963,华东医药
300156,神雾环保
300490,华自科技
2192,融捷股份
2768,国恩股份
300469,信息发展
2324,普利特
2734,利民股份
2767,先锋电子
300412,迦南科技
300451,创业软件
603678,火炬电子
600276,恒瑞医药
300532,今天国际
603986,兆易创新
603838,四通股份
603806,福斯特
603558,健盛集团
603518,维格娜丝
603399,新华龙
603369,今世缘
603308,应流股份
603169,兰石重装
603128,华贸物流
603077,和邦生物
603009,北特科技
601727,上海电气
601700,风范股份
601398,工商银行
601328,交通银行
601126,四方股份
601101,昊华能源
601012,隆基股份
601005,重庆钢铁
600990,四创电子
600982,宁波热电
600979,广安爱众
600973,宝胜股份
600896,览海投资
600892,大晟文化
600890,中房股份
600876,洛阳玻璃
600859,王府井
600855,航天长峰
600844,丹化科技
600810,神马股份
600807,天业股份
600797,浙大网新
600773,西藏城投
600768,宁波富邦
600760,*ST黑豹
600747,大连控股
600745,中茵股份
600740,山西焦化
600734,实达集团
600733,S前锋
600725,*ST云维
600687,刚泰控股
600682,南京新百
600675,*ST中企
600673,东阳光科
600663,陆家嘴
600662,强生控股
600637,东方明珠
600636,三爱富
600604,市北高新
600603,*ST兴业
600597,光明乳业
600577,精达股份
600576,万家文化
600571,信雅达
600568,中珠医疗
600552,凯盛科技
600551,时代出版
600543,莫高股份
600539,ST狮头
600537,亿晶光电
600525,长园集团
600502,安徽水利
600480,凌云股份
600462,九有股份
600460,士兰微
600432,*ST吉恩
600426,华鲁恒升
600422,昆药集团
600400,红豆股份
600346,恒力股份
600339,*ST天利
600331,宏达股份
600319,*ST亚星
600301,*ST南化
600283,钱江水利
600255,鑫科材料
600242,中昌数据
600234,*ST山水
600233,圆通速递
600228,昌九生化
600225,天津松江
600212,*ST江泉
600210,紫江企业
600209,罗顿发展
600200,江苏吴中
600189,吉林森工
600188,兖州煤业
600175,美都能源
600156,华升股份
600152,维科精华
600151,航天机电
600145,*ST新亿
600122,宏图高科
600107,美尔雅
600082,海泰发展
600071,凤凰光学
600069,银鸽投资
600021,上海电力
600019,宝钢股份
600005,武钢股份
300537,广信材料
300513,恒泰实达
300510,金冠电气
300496,中科创达
300495,美尚生态
300488,恒锋工具
300480,光力科技
300479,神思电子
300477,合纵科技
300473,德尔股份
300466,赛摩电气
300462,华铭智能
300459,金科娱乐
300457,赢合科技
300450,先导智能
300449,汉邦高科
300427,红相电力
300398,飞凯材料
300391,康跃科技
300386,飞天诚信
300374,恒通科技
300363,博腾股份
300353,东土科技
300349,金卡股份
300332,天壕环境
300328,宜安科技
300323,华灿光电
300311,任子行
300310,宜通世纪
300276,三丰智能
300273,和佳股份
300268,万福生科
300249,依米康
300243,瑞丰高材
300229,拓尔思
300227,光韵达
300223,北京君正
300219,鸿利智汇
300217,东方电热
300213,佳讯飞鸿
300212,易华录
300200,高盟新材
300198,纳川股份
300179,四方达
300165,天瑞仪器
300161,华中数控
300150,世纪瑞尔
300143,星河生物
300123,太阳鸟
300120,经纬电材
300100,双林股份
300099,尤洛卡
300098,高新兴
300095,华伍股份
300093,金刚玻璃
300088,长信科技
300080,易成新能
300079,数码视讯
300076,GQY视讯
300047,天源迪科
300043,星辉娱乐
300033,同花顺
300028,金亚科技
300027,华谊兄弟
300022,吉峰农机
300005,探路者
2830,名雕股份
2798,帝王洁具
2779,中坚科技
2766,索菱股份
2752,昇兴股份
2745,木林森
2725,跃岭股份
2721,金一文化
2686,亿利达
2659,中泰桥梁
2650,加加食品
2640,跨境通
2637,赞宇科技
2635,安洁科技
2634,棒杰股份
2629,仁智股份
2622,融钰集团
2610,爱康科技
2608,*ST舜船
2595,豪迈科技
2584,西陇科学
2578,闽发铝业
2576,通达动力
2571,德力股份
2562,兄弟科技
2550,千红制药
2547,春兴精工
2545,东方铁塔
2526,山东矿机
2510,天汽模
2509,天广中茂
2496,辉丰股份
2492,恒基达鑫
2486,嘉麟杰
2484,江海股份
2482,广田集团
2478,常宝股份
2469,三维工程
2462,嘉事堂
2449,国星光电
2440,闰土股份
2436,兴森科技
2410,广联达
2400,省广股份
2396,星网锐捷
2386,天原集团
2379,*ST鲁丰
2377,国创高新
2376,新北洋
2349,精华制药
2338,奥普光电
2316,键桥通讯
2297,博云新材
2296,辉煌科技
2282,博深工具
2276,万马股份
2271,东方雨虹
2259,升达林业
2239,奥特佳
2226,江南化工
2224,三 力 士
2198,嘉应制药
2178,延华智能
2165,红 宝 丽
2151,北斗星通
2147,新光圆成
2129,中环股份
2125,湘潭电化
2113,天润数娱
2108,沧州明珠
2099,海翔药业
2098,浔兴股份
2080,中材科技
2075,沙钢股份
2071,长城影视
2068,黑猫股份
2056,横店东磁
2048,宁波华翔
2034,美 欣 达
2025,航天电器
2012,凯恩股份
987,越秀金控
982,中银绒业
961,中南建设
916,华北高速
887,中鼎股份
829,天音控股
803,金宇车城
755,山西三维
748,长城信息
727,华东科技
725,京东方Ａ
719,大地传媒
711,京蓝科技
710,天兴仪表
697,炼石有色
693,ST华泽
682,东方电子
676,智度股份
670,*ST盈方
659,珠海中富
632,三木集团
622,*ST恒立
617,*ST济柴
611,*ST天首
584,友利控股
576,广东甘化
571,新大洲Ａ
563,陕国投Ａ
560,昆百大Ａ
558,莱茵体育
547,航天发展
543,皖能电力
540,中天城投
538,云南白药
531,穗恒运Ａ
516,国际医学
425,徐工机械
415,渤海金控
400,许继电气
100,TCL 集团
99,中信海直
88,盐 田 港
50,深天马Ａ
48,康达尔
45,深纺织Ａ
42,中洲控股
35,中国天楹
29,深深房Ａ
603199,九华旅游
600680,上海普天
403,ST生化
300346,南大光电
603589,口子窖
300559,佳发安泰
603019,中科曙光
600793,宜宾纸业
2143,印纪传媒
2,万 科Ａ
2414,高德红外
2775,文科园林
300410,正业科技
681,视觉中国
300011,鼎汉技术
600739,辽宁成大
600097,开创国际
600316,洪都航空
2279,久其软件
2594,比亚迪
797,中国武夷
2197,证通电子
603018,中设集团
603117,万林股份
300032,金龙机电
600000,浦发银行
300015,爱尔眼科
600638,新黄浦
2168,深圳惠程
2230,科大讯飞
600666,奥瑞德
2188,巴士在线
2761,多喜爱
2304,洋河股份
300187,永清环保
2227,奥 特 迅
300489,中飞股份
603618,杭电股份
2601,佰利联
2739,万达院线
603568,伟明环保
600165,新日恒力
600983,惠而浦
2195,二三四五
600073,上海梅林
901,航天科技
600310,桂东电力
981,银亿股份
600976,健民集团
600086,东方金钰
600848,上海临港
2612,朗姿股份
603737,三棵树
526,紫光学大
2453,天马精化
600446,金证股份
300472,新元科技
300523,辰安科技
899,赣能股份
2245,澳洋顺昌
600215,长春经开
733,振华科技
600649,城投控股
300048,合康变频
2705,新宝股份
2504,弘高创意
300354,东华测试
2445,中南文化
620,新华联
300262,巴安水务
931,中 关 村
738,中航动控
300190,维尔利
2039,黔源电力
300102,乾照光电
603328,依顿电子
300270,中威电子
2662,京威股份
2491,通鼎互联
2074,国轩高科
300188,美亚柏科
2061,*ST江化
601669,中国电建
603398,邦宝益智
2107,沃华医药
603889,新澳股份
813,德展健康
603088,宁波精达
600681,百川能源
600247,ST成城
2544,杰赛科技
600884,杉杉股份
601877,正泰电器
2032,苏 泊 尔
2323,雅百特
2427,尤夫股份
603118,共进股份
2523,天桥起重
600853,龙建股份
2044,美年健康
600487,亨通光电
2697,红旗连锁
600526,菲达环保
600619,海立股份
851,高鸿股份
300424,航新科技
300456,耐威科技
300345,红宇新材
56,皇庭国际
300062,中能电气
600677,航天通信
523,广州浪奇
300218,安利股份
978,桂林旅游
685,中山公用
300269,联建光电
600057,象屿股份
600239,云南城投
2273,水晶光电
949,新乡化纤
601928,凤凰传媒
600243,青海华鼎
600308,华泰股份
600391,成发科技
786,北新建材
300279,和晶科技
2655,共达电声
300074,华平股份
603158,腾龙股份
49,德赛电池
600512,腾达建设
600885,宏发股份
551,创元科技
2477,雏鹰农牧
2735,王子新材
2050,三花智控
600059,古越龙山
300002,神州泰岳
600039,四川路桥
983,西山煤电
2514,宝馨科技
2418,康盛股份
628,高新发展
2577,雷柏科技
8,神州高铁
600207,安彩高科
600455,博通股份
300139,晓程科技
600425,青松建化
600148,长春一东
559,万向钱潮
2367,康力电梯
2441,众业达
600390,*ST金瑞
2681,奋达科技
601098,中南传媒
600975,新五丰
600877,中国嘉陵
2055,得润电子
600667,太极实业
752,西藏发展
600900,长江电力
300155,安居宝
2749,国光股份
2315,焦点科技
2252,上海莱士
2179,中航光电
300038,梅泰诺
2467,二六三
600439,瑞贝卡
860,顺鑫农业
600630,龙头股份
608,阳光股份
600315,上海家化
408,*ST金源
2582,好想你
600651,飞乐音响
600211,西藏药业
908,景峰医药
600639,浦东金桥
600257,大湖股份
300039,上海凯宝
300064,豫金刚石
600287,江苏舜天
300176,鸿特精密
601231,环旭电子
300478,杭州高新
600300,维维股份
2727,一心堂
300091,金通灵
600969,郴电国际
2153,石基信息
600366,宁波韵升
300058,蓝色光标
2707,众信旅游
603885,吉祥航空
603701,德宏股份
300078,思创医惠
2421,达实智能
600505,西昌电力
600363,联创光电
2007,华兰生物
722,湖南发展
300149,量子高科
600731,湖南海利
2051,中工国际
2431,棕榈股份
300130,新国都
300106,西部牧业
603008,喜临门
300277,海联讯
300131,英唐智控
300422,博世科
300343,联创互联
600633,浙报传媒
2770,科迪乳业
600080,金花股份
2362,汉王科技
600893,中航动力
2043,兔 宝 宝
300016,北陆药业
2322,理工环科
300057,万顺股份
2346,柘中股份
300341,麦迪电气
600036,招商银行
300403,地尔汉宇
68,华控赛格
2368,太极股份
300360,炬华科技
89,深圳机场
300202,聚龙股份
600077,宋都股份
2753,永东股份
2460,赣锋锂业
600004,白云机场
2641,永高股份
707,双环科技
600343,航天动力
600490,鹏欣资源
2318,久立特材
300428,四通新材
600614,鼎立股份
2095,生 意 宝
300404,博济医药
600495,晋西车轴
300118,东方日升
2474,榕基软件
300322,硕贝德
2094,青岛金王
603686,龙马环卫
600820,隧道股份
2572,索菲亚
2769,普路通
300406,九强生物
601216,君正集团
600261,阳光照明
600116,三峡水利
513,丽珠集团
600161,天坛生物
600271,航天信息
601601,中国太保
300493,润欣科技
2385,大北农
998,隆平高科
603606,东方电缆
2756,永兴特钢
2557,洽洽食品
600112,天成控股
2046,轴研科技
2621,三垒股份
600565,迪马股份
58,深 赛 格
2718,友邦吊顶
300108,双龙股份
300003,乐普医疗
600839,四川长虹
600882,广泽股份
600379,宝光股份
2789,建艺集团
300302,同有科技
12,南 玻Ａ
300136,信维通信
2229,鸿博股份
603288,海天味业
603528,多伦科技
300134,大富科技
700,模塑科技
601616,广电电气
603866,桃李面包
300509,新美星
423,东阿阿胶
300089,文化长城
2717,岭南园林
300117,嘉寓股份
2328,新朋股份
2692,远程电缆
300255,常山药业
600157,永泰能源
601058,赛轮金宇
300203,聚光科技
2490,山东墨龙
2017,东信和平
600100,同方股份
600436,片仔癀
939,凯迪生态
2117,东港股份
2131,利欧股份
19,深深宝Ａ
600718,东软集团
300327,中颖电子
601222,林洋能源
2620,瑞和股份
638,万方发展
603909,合诚股份
300129,泰胜风能
603899,晨光文具
600704,物产中大
600640,号百控股
2643,万润股份
2522,浙江众成
2124,天邦股份
2468,艾迪西
541,佛山照明
300206,理邦仪器
2530,丰东股份
600535,天士力
600088,中视传媒
300414,中光防雷
300539,横河模具
600693,东百集团
600131,岷江水电
2711,欧浦智网
2684,猛狮科技
2136,安 纳 达
300297,蓝盾股份
2020,京新药业
2757,南兴装备
300024,机器人
2144,宏达高科
600634,中技控股
300508,维宏股份
603979,金诚信
600139,西部资源
600403,大有能源
2280,联络互动
600284,浦东建设
2319,乐通股份
300271,华宇软件
2010,传化智联
977,浪潮信息
2070,众和股份
23,深天地Ａ
300519,新光药业
600053,九鼎投资
2288,超华科技
300086,康芝药业
2380,科远股份
300500,苏州设计
938,紫光股份
300336,新文化
300114,中航电测
300125,易世达
300430,诚益通
601006,大秦铁路
2372,伟星新材
300195,长荣股份
300006,莱美药业
300367,东方网力
600335,国机汽车
2706,良信电器
2236,大华股份
2487,大金重工
600570,恒生电子
300368,汇金股份
2122,天马股份
915,山大华特
300244,迪安诊断
603598,引力传媒
603997,继峰股份
603159,上海亚虹
7,全新好
300440,运达科技
603027,千禾味业
2357,富临运业
2384,东山精密
300333,兆日科技
601519,大智慧
300389,艾比森
600763,通策医疗
2639,雪人股份
973,佛塑科技
2254,泰和新材
613,大东海A
600868,梅雁吉祥
603031,安德利
300365,恒华科技
300152,科融环境
300263,隆华节能
300251,光线传媒
2261,拓维信息
600031,三一重工
2556,辉隆股份
2171,楚江新材
615,京汉股份
2286,保龄宝
300331,苏大维格
603520,司太立
2294,信立泰
300299,富春通信
598,兴蓉环境
600889,南京化纤
600336,澳柯玛
2657,中科金财
600826,兰生股份
300351,永贵电器
600781,辅仁药业
300207,欣旺达
534,万泽股份
603222,济民制药
600038,中直股份
502,绿景控股
300290,荣科科技
300037,新宙邦
300109,新开源
950,*ST建峰
600699,均胜电子
61,农 产 品
300533,冰川网络
2002,鸿达兴业
553,沙隆达Ａ
300036,超图软件
600612,老凤祥
300465,高伟达
2083,孚日股份
806,银河生物
2802,洪汇新材
300418,昆仑万维
300018,中元股份
2312,三泰控股
300107,建新股份
300021,大禹节水
300138,晨光生物
2475,立讯精密
809,铁岭新城
626,远大控股
600009,上海机场
600713,南京医药
2605,姚记扑克
600692,亚通股份
603818,曲美家居
603998,方盛制药
600373,中文传媒
600120,浙江东方
600584,长电科技
300124,汇川技术
2087,新野纺织
603311,金海环境
793,华闻传媒
601390,中国中铁
669,金鸿能源
300518,盛讯达
826,启迪桑德
600715,文投控股
2778,高科石化
300178,腾邦国际
600756,浪潮软件
600016,民生银行
2395,双象股份
600463,空港股份
2407,多氟多
2240,威华股份
2746,仙坛股份
2646,青青稞酒
300494,盛天网络
2190,成飞集成
600626,申达股份
300253,卫宁健康
2243,通产丽星
600998,九州通
600103,青山纸业
600171,上海贝岭
601677,明泰铝业
300252,金信诺
2508,老板电器
838,财信发展
925,众合科技
2771,真视通
2064,华峰氨纶
2042,华孚色纺
300012,华测检测
300220,金运激光
2570,贝因美
300166,东方国信
2369,卓翼科技
158,常山股份
2170,芭田股份
2632,道明光学
300241,瑞丰光电
2788,鹭燕医药
300475,聚隆科技
600260,凯乐科技
600538,国发股份
300467,迅游科技
300481,濮阳惠成
2183,怡 亚 通
600137,浪莎股份
600146,商赢环球
2405,四维图新
300357,我武生物
2434,万里扬
2517,恺英网络
300431,暴风集团
2565,上海绿新
2241,歌尔股份
300443,金雷风电
4,国农科技
300127,银河磁体
2270,华明装备
2268,卫 士 通
2592,八菱科技
300468,四方精创
2763,汇洁股份
2348,高乐股份
2709,天赐材料
2360,同德化工
300387,富邦股份
2429,兆驰股份
300007,汉威电子
2733,雄韬股份
300044,赛为智能
600184,光电股份
2341,新纶科技
600872,中炬高新
2394,联发股份
600272,开开实业
2444,巨星科技
600328,兰太实业
2086,东方海洋
300226,上海钢联
600628,新世界
600187,国中水务
300482,万孚生物
300497,富祥股份
721,西安饮食
555,神州信息
661,长春高新
300321,同大股份
300342,天银机电
2772,众兴菌业
600415,小商品城
600458,时代新材
601002,晋亿实业
300146,汤臣倍健
300162,雷曼股份
300286,安科瑞
300230,永利股份
2607,亚夏汽车
300265,通光线缆
300317,珈伟股份
601800,中国交建
300530,达志科技
2139,拓邦股份
600684,珠江实业
2480,新筑股份
300056,三维丝
603299,井神股份
2759,天际股份
735,罗 牛 山
600746,江苏索普
2256,兆新股份
300119,瑞普生物
2354,天神娱乐
601798,蓝科高新
300535,达威股份
550,江铃汽车
300094,国联水产
2573,清新环境
600714,金瑞矿业
2200,云投生态
2082,栋梁新材
2425,凯撒文化
300435,中泰股份
600775,南京熊猫
600758,红阳能源
600536,中国软件
600689,上海三毛
820,金城股份
300407,凯发电气
603696,安记食品
890,法 尔 胜
300315,掌趣科技
300153,科泰电源
506,中润资源
603703,盛洋科技
300246,宝莱特
2215,诺 普 信
600079,人福医药
601,韶能股份
300014,亿纬锂能
2314,南山控股
600498,烽火通信
2626,金达威
300081,恒信移动
2693,双成药业
2403,爱仕达
828,东莞控股
300168,万达信息
300291,华录百纳
300116,坚瑞沃能
300040,九洲电气
300538,同益股份
300383,光环新网
300294,博雅生物
2077,大港股份
300025,华星创业
2260,德奥通航
600295,鄂尔多斯
910,大亚圣象
600076,康欣新材
2618,丹邦科技
601636,旗滨集团
300339,润和软件
2258,利尔化学
2049,紫光国芯
2149,西部材料
300282,汇冠股份
300484,蓝海华腾
510,金路集团
600293,三峡新材
300442,普丽盛
2307,北新路桥
600605,汇通能源
600191,华资实业
600035,楚天高速
603333,明星电缆
715,中兴商业
590,启迪古汉
2642,荣之联
600588,用友网络
2456,欧菲光
568,泸州老窖
300287,飞利信
300023,宝德股份
300237,美晨科技
2555,三七互娱
2096,南岭民爆
300433,蓝思科技
600262,北方股份
600419,天润乳业
603901,永创智能
2374,丽鹏股份
600613,神奇制药
835,长城动漫
300421,力星股份
600176,中国巨石
300113,顺网科技
2366,台海核电
2201,九鼎新材
300211,亿通科技
300350,华鹏飞
600779,水井坊
300128,锦富新材
2671,龙泉股份
600753,东方银星
701,厦门信达
2210,飞马国际
600149,廊坊发展
300388,国祯环保
601789,宁波建工
600898,三联商社
300173,智慧松德
300085,银之杰
2628,成都路桥
300499,高澜股份
300170,汉得信息
600084,中葡股份
2712,思美传媒
823,超声电子
601628,中国人寿
600623,华谊集团
300196,长海股份
2333,罗普斯金
300017,网宿科技
2649,博彦科技
300300,汉鼎宇佑
712,锦龙股份
300531,优博讯
2035,华帝股份
2290,禾盛新材
300400,劲拓股份
300545,联得装备
300325,德威新材
600728,佳都科技
300068,南都电源
2164,宁波东力
300141,和顺电气
600491,龙元建设
2174,游族网络
600070,浙江富润
603716,塞力斯
600804,鹏博士
600136,当代明诚
600963,岳阳林纸
2722,金轮股份
600396,金山股份
300409,道氏技术
300426,唐德影视
2175,东方网络
600129,太极集团
2801,微光股份
38,深大通
300278,华昌达
600598,北大荒
603021,山东华鹏
300375,鹏翎股份
300071,华谊嘉信
2289,*ST宇顺
603600,永艺股份
2677,浙江美大
300061,康耐特
2248,华东数控
300503,昊志机电
300295,三六五网
300073,当升科技
600995,文山电力
300301,长方集团
2623,亚玛顿
2719,麦趣尔
600847,万里股份
600869,智慧能源
2212,南洋股份
2567,唐人神
300338,开元仪器
300517,海波重科
662,天夏智慧
2667,鞍重股份
300090,盛运环保
2645,华宏科技
603017,中衡设计
300384,三联虹普
600108,亚盛集团
603936,博敏电子
2037,久联发展
2495,佳隆股份
2141,蓉胜超微
603026,石大胜华
600386,北巴传媒
2202,金风科技
300275,梅安森
300051,三五互联
2101,广东鸿图
300232,洲明科技
300031,宝通科技
498,山东路桥
600727,鲁北化工
782,美达股份
600258,首旅酒店
300122,智飞生物
300425,环能科技
300072,三聚环保
600616,金枫酒业
603996,中新科技
600093,禾嘉股份
300547,川环科技
300416,苏试试验
2451,摩恩电气
2355,兴民智通
300501,海顺新材
2765,蓝黛传动
300548,博创科技
300507,苏奥传感
2549,凯美特气
300505,川金诺
525,红 太 阳
300334,津膜科技
600533,栖霞建设
2615,哈尔斯
2332,仙琚制药
603989,艾华集团
300396,迪瑞医疗
2654,万润科技
603616,韩建河山
2085,万丰奥威
607,华媒控股
300470,日机密封
300209,天泽信息
300458,全志科技
300502,新易盛
2575,群兴玩具
2783,凯龙股份
600579,天华院
2732,燕塘乳业
300042,朗科科技
55,方大集团
601021,春秋航空
2393,力生制药
300362,天翔环境
2363,隆基机械
300356,光一科技
300115,长盈精密
601608,中信重工
2511,中顺洁柔
918,嘉凯城
2560,通达股份
2787,华源包装
812,陕西金叶
300256,星星科技
603066,音飞储存
300379,东方通
300355,蒙草生态
2515,金字火腿
300019,硅宝科技
300543,朗科智能
2587,奥拓电子
601668,中国建筑
300377,赢时胜
300298,三诺生物
600881,亚泰集团
609,绵石投资
600423,柳化股份
600671,天目药业
300522,世名科技
2203,海亮股份
2412,汉森制药
300087,荃银高科
2661,克明面业
600383,金地集团
300215,电科院
2816,和科达
603085,天成自控
601766,中国中车
300352,北信源
600196,复星医药
2703,浙江世宝
600575,皖江物流
2180,艾派克
300233,金城医药
601900,南方传媒
798,中水渔业
300335,迪森股份
603022,新通联
300432,富临精工
952,广济药业
300447,全信股份
2791,坚朗五金
300366,创意信息
22,深赤湾Ａ
300419,浩丰科技
300381,溢多利
2199,*ST东晶
623,吉林敖东
300526,中潜股份
600558,大西洋
300052,中青宝
300546,雄帝科技
2613,北玻股份
511,*ST烯碳
600182,S佳通
968,*ST煤气
603010,万盛股份
2723,金莱特
2678,珠江钢琴
2730,电光科技
2679,福建金森
2512,达华智能
300445,康斯特
600764,中电广通
300570,太辰光
300372,欣泰电气
2831,裕同科技
2828,贝肯能源
2827,高争民爆
2826,易明医药
155,*ST川化
33,*ST新都
603990,麦迪科技
603928,兴业股份
603878,武进不锈
603823,百合花
603708,家家悦
603585,苏利股份
603559,中通国脉
603416,信捷电气
603389,亚振家居
603239,浙江仙通
603098,森特股份
603036,如通股份
603033,三维股份
600909,华安证券
600732,*ST新梅
600710,*ST常林
300573,兴齐眼药
300572,安车检测
300571,平治信息
